task,phase,phaseName,attempt,n,started,ended,turns,cost,result,gate,outcome,failures
urn:software-factory:data:task-t1,urn:software-factory:data:ph-t1-diagnose,,urn:software-factory:data:at-t1-d1,1,,,,0.4,,,,
urn:software-factory:data:task-t1,urn:software-factory:data:ph-t1-implement,,urn:software-factory:data:at-t1-i1,1,2026-01-01T22:05:00Z,2026-01-01T22:30:00Z,41,3.2,urn:software-factory:data:gr-t1-1-lint,urn:software-factory:data:g-lint,http://www.w3.org/ns/earl#failed,3
urn:software-factory:data:task-t1,urn:software-factory:data:ph-t1-implement,,urn:software-factory:data:at-t1-i1,1,2026-01-01T22:05:00Z,2026-01-01T22:30:00Z,41,3.2,urn:software-factory:data:gr-t1-1-scope,urn:software-factory:ns#scope,http://www.w3.org/ns/earl#passed,
urn:software-factory:data:task-t1,urn:software-factory:data:ph-t1-implement,,urn:software-factory:data:at-t1-i1,1,2026-01-01T22:05:00Z,2026-01-01T22:30:00Z,41,3.2,urn:software-factory:data:gr-t1-1-size,urn:software-factory:ns#size,http://www.w3.org/ns/earl#passed,
urn:software-factory:data:task-t1,urn:software-factory:data:ph-t1-implement,,urn:software-factory:data:at-t1-i2,2,2026-01-01T22:31:00Z,2026-01-01T22:40:00Z,12,1.1,urn:software-factory:data:gr-t1-2-cov,urn:software-factory:data:g-cov,http://www.w3.org/ns/earl#failed,
urn:software-factory:data:task-t1,urn:software-factory:data:ph-t1-implement,,urn:software-factory:data:at-t1-i2,2,2026-01-01T22:31:00Z,2026-01-01T22:40:00Z,12,1.1,urn:software-factory:data:gr-t1-2-lint,urn:software-factory:data:g-lint,http://www.w3.org/ns/earl#passed,0
urn:software-factory:data:task-t1,urn:software-factory:data:ph-t1-implement,,urn:software-factory:data:at-t1-i2,2,2026-01-01T22:31:00Z,2026-01-01T22:40:00Z,12,1.1,urn:software-factory:data:gr-t1-2-census,urn:software-factory:ns#census,http://www.w3.org/ns/earl#passed,
urn:software-factory:data:task-t2,urn:software-factory:data:ph-t2-implement,,urn:software-factory:data:at-t2-1,1,,,,2.8,urn:software-factory:data:gr-t2-1-lint,urn:software-factory:data:g-lint,http://www.w3.org/ns/earl#passed,
urn:software-factory:data:task-t2,urn:software-factory:data:ph-t2-implement,,urn:software-factory:data:at-t2-1,1,,,,2.8,urn:software-factory:data:gr-t2-1-types,urn:software-factory:data:g-types,http://www.w3.org/ns/earl#failed,
urn:software-factory:data:task-t2,urn:software-factory:data:ph-t2-implement,,urn:software-factory:data:at-t2-2,2,,,,2.1,urn:software-factory:data:gr-t2-2-tests,urn:software-factory:data:g-tests,http://www.w3.org/ns/earl#failed,
urn:software-factory:data:task-t2,urn:software-factory:data:ph-t2-implement,,urn:software-factory:data:at-t2-2,2,,,,2.1,urn:software-factory:data:gr-t2-2-types,urn:software-factory:data:g-types,http://www.w3.org/ns/earl#failed,
urn:software-factory:data:task-t3,urn:software-factory:data:ph-t3-implement,,urn:software-factory:data:at-t3-1,1,,,,4.6,urn:software-factory:data:gr-t3-1-cov,urn:software-factory:data:g-cov,http://www.w3.org/ns/earl#inapplicable,
urn:software-factory:data:task-t3,urn:software-factory:data:ph-t3-implement,,urn:software-factory:data:at-t3-1,1,,,,4.6,urn:software-factory:data:gr-t3-1-tests,urn:software-factory:data:g-tests,http://www.w3.org/ns/earl#passed,
urn:software-factory:data:task-t3,urn:software-factory:data:ph-t3-implement,,urn:software-factory:data:at-t3-1,1,,,,4.6,urn:software-factory:data:gr-t3-1-census,urn:software-factory:ns#census,http://www.w3.org/ns/earl#cantTell,
urn:software-factory:data:task-t4,urn:software-factory:data:ph-t4-implement,,urn:software-factory:data:at-t4-1,1,,,,5.5,,,,
urn:software-factory:data:task-t6,urn:software-factory:data:ph-t6-implement,,urn:software-factory:data:at-t6-i1,1,,,20,0.9,,,,
